City,Lat,Lng,Max_Temp,Humidity,Cloudiness,Wind_Speed,Country,Date
vaini,-21.2,-175.2,78.8,94,90,5.82,TO,05-31-20
thompson,55.74,-97.86,69.8,22,75,3.36,CA,05-31-20
ciudad bolivar,8.12,-63.55,82.8,71,99,5.68,VE,05-31-20
necochea,-38.55,-58.74,48.99,88,83,17.0,AR,05-31-20
hami,42.8,93.45,74.07,20,0,15.9,CN,05-31-20
luderitz,-26.65,15.16,55.4,82,0,2.24,NA,05-31-20
karpogory,64.0,44.45,34.75,90,68,5.37,RU,05-31-20
nishihara,26.18,127.76,80.6,83,75,5.82,JP,05-31-20
bluff,-46.6,168.33,46.11,71,1,6.2,NZ,05-31-20
daoukro,7.06,-3.96,73.56,96,89,2.21,CI,05-31-20
tallahassee,30.44,-84.28,91.4,33,20,8.05,US,05-31-20
saskylakh,71.92,114.08,45.1,82,97,4.52,RU,05-31-20
hermanus,-34.42,19.23,57.0,93,0,4.54,ZA,05-31-20
paliseul,49.9,5.14,55.0,63,25,7.58,BE,05-31-20
waipawa,-41.41,175.52,59.0,73,100,4.0,NZ,05-31-20
albany,42.6,-73.97,57.0,52,26,3.0,US,05-31-20
ushuaia,-54.8,-68.3,39.2,86,99,6.69,AR,05-31-20
makaha,21.47,-158.22,86.0,54,40,12.75,US,05-31-20
yellowknife,62.46,-114.35,57.2,44,75,20.8,CA,05-31-20
nanakuli,21.39,-158.15,86.0,54,40,12.75,US,05-31-20
fortuna,40.6,-124.16,63.0,82,20,13.87,US,05-31-20
chokurdakh,70.63,147.92,47.52,49,95,3.18,RU,05-31-20
puerto ayora,-0.74,-90.35,75.99,89,37,3.0,EC,05-31-20
rio tuba,8.51,117.43,84.72,66,47,4.27,PH,05-31-20
tokur,53.13,132.9,46.8,91,100,5.97,RU,05-31-20
port alfred,-33.59,26.89,63.0,62,10,7.61,ZA,05-31-20
punta arenas,-53.15,-70.92,41.0,80,100,9.17,CL,05-31-20
nara,34.69,135.8,73.4,69,75,4.7,JP,05-31-20
atuona,-9.8,-139.03,80.73,74,1,18.32,PF,05-31-20
mar del plata,-38.0,-57.56,51.01,76,40,11.41,AR,05-31-20
ballina,-28.87,153.57,68.0,72,68,4.7,AU,05-31-20
serebryanyy bor,56.8,124.8,48.25,49,0,4.7,RU,05-31-20
hobart,-42.88,147.33,48.99,76,20,9.17,AU,05-31-20
hofn,64.25,-15.21,47.25,70,7,8.5,IS,05-31-20
holme,56.11,10.17,53.01,87,69,1.12,DK,05-31-20
turan,16.07,108.22,82.4,78,20,3.42,VN,05-31-20
barrow,71.29,-156.79,33.8,86,90,25.28,US,05-31-20
dali,25.7,100.18,61.74,79,13,3.78,CN,05-31-20
arraial do cabo,-22.97,-42.03,70.45,73,37,5.32,BR,05-31-20
dzerzhinskoye,56.83,95.23,48.22,87,99,10.76,RU,05-31-20
nanortalik,60.14,-45.24,43.03,68,100,4.52,GL,05-31-20
hilo,19.73,-155.09,82.4,58,1,10.29,US,05-31-20
mahebourg,-20.41,57.7,73.4,78,20,5.82,MU,05-31-20
nikolskoye,59.7,30.79,48.2,57,0,6.71,RU,05-31-20
qaanaaq,77.48,-69.36,27.09,93,11,1.99,GL,05-31-20
upernavik,72.79,-56.15,30.87,92,26,2.51,GL,05-31-20
bambous virieux,-20.34,57.76,73.4,78,20,5.82,MU,05-31-20
heves,47.6,20.28,53.6,100,90,4.7,HU,05-31-20
yanam,16.73,82.22,81.45,90,100,4.72,IN,05-31-20
staryy nadym,65.61,72.68,37.6,84,98,10.02,RU,05-31-20
alta floresta,-9.88,-56.09,71.47,77,25,2.77,BR,05-31-20
gat,31.61,34.76,64.0,82,0,1.95,IL,05-31-20
san jeronimo,-11.95,-75.28,47.17,65,27,4.72,PE,05-31-20
bubaque,11.28,-15.83,79.72,78,94,9.48,GW,05-31-20
skibbereen,51.55,-9.27,59.0,67,20,6.93,IE,05-31-20
sambava,-14.27,50.17,71.94,79,4,12.24,MG,05-31-20
mataura,-46.19,168.86,48.16,55,0,2.24,NZ,05-31-20
jamestown,42.1,-79.24,52.0,53,1,8.05,US,05-31-20
alice springs,-23.7,133.88,53.6,50,22,4.7,AU,05-31-20
knysna,-34.04,23.05,51.8,87,51,3.36,ZA,05-31-20
mahenge,-8.68,36.72,60.51,81,66,1.21,TZ,05-31-20
cape town,-33.93,18.42,53.01,93,90,2.24,ZA,05-31-20
manono,-7.3,27.42,70.09,58,89,3.96,CD,05-31-20
new norfolk,-42.78,147.06,46.0,70,82,2.06,AU,05-31-20
walvis bay,-22.96,14.51,59.0,77,0,3.36,NA,05-31-20
beira,-19.84,34.84,71.37,76,17,4.68,MZ,05-31-20
zyryanskoye,56.83,86.63,48.99,76,67,8.75,RU,05-31-20
castro,-24.79,-50.01,56.84,89,6,4.5,BR,05-31-20
sao jose da coroa grande,-8.9,-35.15,76.89,83,1,0.11,BR,05-31-20
werda,-25.27,23.28,57.13,36,0,6.15,BW,05-31-20
cockburn town,21.46,-71.14,81.5,84,22,11.01,TC,05-31-20
khorixas,-20.37,14.97,64.38,26,0,9.91,NA,05-31-20
rikitea,-23.12,-134.97,75.92,83,13,11.39,PF,05-31-20
yeppoon,-23.13,150.73,69.8,77,26,2.24,AU,05-31-20
saint-philippe,-21.36,55.77,68.0,68,20,6.93,RE,05-31-20
maneadero,31.72,-116.57,70.0,77,58,4.0,MX,05-31-20
saint george,37.1,-113.58,93.99,9,1,13.87,US,05-31-20
san patricio,19.22,-104.7,77.0,83,5,11.41,MX,05-31-20
guerrero negro,27.98,-114.06,70.63,66,0,20.2,MX,05-31-20
gunjur,13.2,-16.73,74.25,79,100,9.13,GM,05-31-20
nouadhibou,20.93,-17.03,68.0,88,0,10.29,MR,05-31-20
kaitangata,-46.28,169.85,47.1,55,0,2.57,NZ,05-31-20
souillac,-20.52,57.52,73.4,78,20,5.82,MU,05-31-20
bethel,41.37,-73.41,61.0,36,40,12.75,US,05-31-20
hasaki,35.73,140.83,70.0,82,75,6.93,JP,05-31-20
malanje,-9.54,16.34,63.66,51,46,4.21,AO,05-31-20
verkhnyaya inta,65.98,60.31,37.63,91,95,9.17,RU,05-31-20
dudinka,69.41,86.18,35.6,75,40,13.42,RU,05-31-20
morshyn,49.16,23.87,52.0,85,99,1.01,UA,05-31-20
butaritari,3.07,172.79,83.57,76,6,14.83,KI,05-31-20
kapaa,22.08,-159.32,80.6,69,1,18.34,US,05-31-20
agirish,61.92,63.02,41.25,72,41,5.99,RU,05-31-20
ilulissat,69.22,-51.1,37.4,69,96,4.7,GL,05-31-20
ijui,-28.39,-53.91,50.81,87,100,7.45,BR,05-31-20
esperance,-33.87,121.9,53.6,100,90,6.93,AU,05-31-20
santa marta,11.24,-74.2,79.09,82,100,10.58,CO,05-31-20
touros,-5.2,-35.46,77.0,94,20,4.7,BR,05-31-20
kailua,21.4,-157.74,91.4,43,90,11.41,US,05-31-20
clacton-on-sea,51.79,1.16,57.0,78,19,11.01,GB,05-31-20
vestmanna,62.16,-7.17,51.8,87,100,9.17,FO,05-31-20
hamilton,39.18,-84.53,69.8,32,1,11.41,US,05-31-20
sao joao da barra,-21.64,-41.05,69.48,78,5,8.55,BR,05-31-20
bredasdorp,-34.53,20.04,44.6,87,3,1.12,ZA,05-31-20
busselton,-33.65,115.33,57.0,72,86,4.52,AU,05-31-20
aksha,50.28,113.29,56.26,44,0,1.95,RU,05-31-20
gravelbourg,49.88,-106.55,85.01,27,58,24.56,CA,05-31-20
westport,41.14,-73.36,64.99,49,36,11.34,US,05-31-20
mount gambier,-37.83,140.77,46.4,81,40,12.75,AU,05-31-20
santiago del estero,-27.8,-64.26,55.56,43,81,3.83,AR,05-31-20
garca,-22.21,-49.66,71.6,49,0,3.36,BR,05-31-20
conneaut,41.95,-80.55,55.4,50,1,6.93,US,05-31-20
almeirim,-1.52,-52.58,75.63,94,99,3.74,BR,05-31-20
khatanga,71.97,102.5,46.83,58,38,11.63,RU,05-31-20
iracoubo,5.48,-53.2,78.24,83,100,10.76,GF,05-31-20
sao filipe,14.9,-24.5,72.55,82,17,5.59,CV,05-31-20
pisco,-13.7,-76.22,66.2,88,10,14.99,PE,05-31-20
bengkulu,-3.8,102.27,78.08,76,65,3.31,ID,05-31-20
iqaluit,63.75,-68.51,32.0,97,90,10.29,CA,05-31-20
whitianga,-36.83,175.7,63.0,85,100,7.0,NZ,05-31-20
port elizabeth,-33.92,25.57,50.0,87,10,5.82,ZA,05-31-20
tadine,-21.55,167.88,75.06,79,93,12.97,NC,05-31-20
nantucket,41.28,-70.1,62.01,44,1,10.29,US,05-31-20
tasiilaq,65.61,-37.64,39.2,80,29,13.87,GL,05-31-20
mount isa,-20.73,139.5,69.8,30,0,14.99,AU,05-31-20
carnarvon,-24.87,113.63,65.57,42,100,17.54,AU,05-31-20
aban,56.67,96.06,48.25,88,100,13.29,RU,05-31-20
soe,-9.86,124.28,70.12,85,16,5.39,ID,05-31-20
dikson,73.51,80.55,31.73,97,100,16.87,RU,05-31-20
georgetown,5.41,100.34,77.0,94,20,2.24,MY,05-31-20
agua dulce,18.13,-94.13,82.4,78,40,5.82,MX,05-31-20
tiksi,71.69,128.87,40.75,67,27,7.43,RU,05-31-20
avarua,-21.21,-159.78,78.8,78,78,5.82,CK,05-31-20
san luis,-33.3,-66.34,44.22,54,0,5.88,AR,05-31-20
yulara,-25.24,130.99,50.0,43,0,3.36,AU,05-31-20
shingu,33.73,135.98,69.8,77,75,6.93,JP,05-31-20
kichera,55.94,110.1,52.92,44,89,3.47,RU,05-31-20
rawson,-43.3,-65.1,46.96,52,70,3.78,AR,05-31-20
veracruz,19.33,-96.67,84.2,66,75,20.8,MX,05-31-20
kaptanganj,26.93,83.72,80.08,67,7,7.07,IN,05-31-20
rumuruti,0.27,36.54,55.67,84,49,5.59,KE,05-31-20
kruisfontein,-34.0,24.73,56.07,54,0,4.61,ZA,05-31-20
okhotsk,59.38,143.3,41.56,76,77,11.14,RU,05-31-20
tual,-5.67,132.75,82.65,79,38,21.85,ID,05-31-20
yovon,38.31,69.04,66.2,52,40,6.71,TJ,05-31-20
naze,28.37,129.48,77.0,94,75,2.24,JP,05-31-20
lakefield,43.68,-95.17,72.0,46,1,16.11,US,05-31-20
finschhafen,-6.6,147.87,83.89,68,84,6.96,PG,05-31-20
camacupa,-12.02,17.48,55.69,68,93,3.56,AO,05-31-20
airai,-8.93,125.41,65.68,81,10,4.36,TL,05-31-20
vila franca do campo,37.72,-25.43,62.6,77,40,12.75,PT,05-31-20
clyde river,70.47,-68.59,26.6,92,90,5.82,CA,05-31-20
pag,44.45,15.06,59.0,51,20,11.41,HR,05-31-20
minas,-34.38,-55.24,55.4,76,90,25.28,UY,05-31-20
shuyskoye,59.37,41.03,44.31,88,99,8.16,RU,05-31-20
bintulu,3.17,113.03,77.0,94,90,4.7,MY,05-31-20
muros,42.78,-9.06,63.0,88,81,1.01,ES,05-31-20
okha,53.57,142.95,42.64,81,95,7.09,RU,05-31-20
pangoa,-12.12,-73.0,70.48,75,0,2.48,PE,05-31-20
champerico,14.3,-91.92,77.99,87,100,14.67,GT,05-31-20
buala,-8.14,159.59,85.6,69,71,4.21,SB,05-31-20
rio grande,-32.03,-52.1,53.01,73,32,4.0,BR,05-31-20
haines junction,60.75,-137.51,57.56,38,93,11.41,CA,05-31-20
sakakah,29.97,40.21,82.4,15,0,8.05,SA,05-31-20
kasempa,-13.46,25.83,59.16,86,12,6.15,ZM,05-31-20
leningradskiy,69.38,178.42,41.85,78,17,4.47,RU,05-31-20
nagornyy,52.8,83.55,57.2,76,100,4.47,RU,05-31-20
bure,10.7,37.07,60.39,75,9,4.14,ET,05-31-20
outlook,51.5,-107.05,84.0,36,63,8.01,CA,05-31-20
putina,-15.47,-69.43,43.29,74,26,10.33,PE,05-31-20
bandarbeyla,9.49,50.81,81.79,80,7,26.84,SO,05-31-20
grand-santi,4.25,-54.38,74.01,96,87,2.86,GF,05-31-20
lorengau,-2.02,147.27,85.84,66,27,7.25,PG,05-31-20
hovd,48.01,91.64,60.48,33,18,2.64,MN,05-31-20
narsaq,60.92,-46.05,51.8,29,100,16.11,GL,05-31-20
tyukalinsk,55.87,72.2,49.17,78,39,10.89,RU,05-31-20
la rioja,42.25,-2.5,64.4,77,100,5.82,ES,05-31-20
dalvik,65.97,-18.53,46.4,87,40,10.29,IS,05-31-20
high level,58.52,-117.14,53.6,93,90,5.82,CA,05-31-20
mecca,21.43,39.83,83.8,32,0,6.64,SA,05-31-20
east london,-33.02,27.91,70.14,31,0,6.31,ZA,05-31-20
kirakira,-10.45,161.92,85.51,70,35,6.6,SB,05-31-20
porto novo,6.5,2.6,80.19,82,67,7.09,BJ,05-31-20
klaksvik,62.23,-6.59,51.8,87,100,9.17,FO,05-31-20
saint anthony,45.02,-93.22,75.2,36,1,12.75,US,05-31-20
theunissen,-28.41,26.7,45.34,61,23,3.69,ZA,05-31-20
tabatinga,-4.25,-69.94,80.6,94,75,8.05,BR,05-31-20
richards bay,-28.78,32.04,65.05,90,0,9.08,ZA,05-31-20
itaituba,-4.28,-55.98,76.05,97,100,1.28,BR,05-31-20
los llanos de aridane,28.66,-17.92,69.8,73,11,4.7,ES,05-31-20
cidreira,-30.18,-50.21,58.39,71,99,14.81,BR,05-31-20
la ronge,55.1,-105.28,69.8,35,75,13.87,CA,05-31-20
blagoyevo,63.37,47.92,40.05,80,73,7.16,RU,05-31-20
lompoc,34.64,-120.46,64.99,68,1,11.41,US,05-31-20
derbent,42.07,48.29,61.21,67,6,3.4,RU,05-31-20
matamoros,25.53,-103.25,87.8,22,20,7.85,MX,05-31-20
ternate,0.8,127.4,83.5,74,0,4.23,ID,05-31-20
plettenberg bay,-34.05,23.37,60.37,56,33,4.27,ZA,05-31-20
pevek,69.7,170.31,38.37,77,0,4.07,RU,05-31-20
jumla,29.27,82.18,52.52,69,96,3.78,NP,05-31-20
antsohihy,-14.88,47.99,74.53,60,30,10.16,MG,05-31-20
kharovsk,59.96,40.19,43.68,74,100,10.45,RU,05-31-20
laramie,41.31,-105.59,78.8,16,1,21.92,US,05-31-20
humaita,-7.51,-63.02,75.06,94,57,1.88,BR,05-31-20
valparaiso,-33.04,-71.63,53.6,87,0,2.19,CL,05-31-20
islamnagar,28.33,78.72,77.4,68,29,3.98,IN,05-31-20
nagua,19.38,-69.85,84.2,83,20,7.7,DO,05-31-20
vangaindrano,-23.35,47.6,67.53,90,60,7.02,MG,05-31-20
tilichiki,60.47,166.1,42.58,85,75,5.1,RU,05-31-20
alcaniz,41.05,-0.13,57.0,49,100,1.01,ES,05-31-20
south lake tahoe,38.93,-119.98,70.0,48,75,3.36,US,05-31-20
kungsbacka,57.49,12.08,57.99,58,0,5.82,SE,05-31-20
berlevag,70.86,29.09,44.91,91,100,13.76,NO,05-31-20
hithadhoo,-0.6,73.08,83.73,68,53,7.36,MV,05-31-20
sayat,38.78,63.88,69.8,40,0,6.93,TM,05-31-20
tuatapere,-46.13,167.68,50.86,58,3,4.21,NZ,05-31-20
maturin,9.75,-63.18,76.59,93,100,6.44,VE,05-31-20
tazovskiy,67.47,78.7,37.9,77,43,10.33,RU,05-31-20
severo-kurilsk,50.68,156.12,44.08,64,100,1.36,RU,05-31-20
veraval,20.9,70.37,82.53,86,33,10.4,IN,05-31-20
laguna,38.42,-121.42,79.0,39,1,6.93,US,05-31-20
saldanha,-33.01,17.94,50.0,87,0,1.12,ZA,05-31-20
sinfra,6.62,-5.92,77.0,94,48,2.71,CI,05-31-20
sao felix do xingu,-6.64,-51.99,74.17,87,41,2.51,BR,05-31-20
pudozh,61.81,36.53,38.55,76,50,6.82,RU,05-31-20
badami,15.91,75.68,78.48,74,96,3.33,IN,05-31-20
jalu,29.03,21.55,77.45,31,2,12.5,LY,05-31-20
weyburn,49.67,-103.85,82.0,45,40,21.0,CA,05-31-20
noshiro,40.2,140.02,64.4,72,75,3.36,JP,05-31-20
sioux lookout,50.1,-91.92,71.6,24,75,4.7,CA,05-31-20
cuenca,-2.88,-78.98,64.4,77,75,5.82,EC,05-31-20
lavrentiya,65.58,-171.0,53.76,46,75,14.47,RU,05-31-20
lebu,-37.62,-73.65,49.96,82,1,15.99,CL,05-31-20
batagay-alyta,67.8,130.41,43.86,56,24,6.91,RU,05-31-20
marsh harbour,26.54,-77.06,79.23,68,84,4.27,BS,05-31-20
watsa,3.04,29.54,63.54,99,56,1.99,CD,05-31-20
banda aceh,5.56,95.32,80.4,77,100,7.78,ID,05-31-20
warman,52.32,-106.57,82.99,39,90,21.92,CA,05-31-20
tuktoyaktuk,69.45,-133.04,37.4,69,40,18.34,CA,05-31-20
guadalupe y calvo,26.1,-106.97,68.29,48,51,7.7,MX,05-31-20
paamiut,61.99,-49.67,41.45,85,100,6.4,GL,05-31-20
jibuti,11.5,42.5,95.0,39,40,3.36,DJ,05-31-20
makat,47.65,53.35,69.24,40,0,9.82,KZ,05-31-20
karla,59.37,24.93,48.2,81,6,4.92,EE,05-31-20
yining,29.04,114.56,73.8,84,94,0.89,CN,05-31-20
vila do maio,15.13,-23.22,73.4,73,20,12.75,CV,05-31-20
dunedin,-45.87,170.5,49.98,49,0,2.21,NZ,05-31-20
kavieng,-2.57,150.8,85.48,69,47,8.08,PG,05-31-20
chuy,-33.7,-53.46,53.26,72,93,13.15,UY,05-31-20
srednekolymsk,67.45,153.68,59.76,35,29,10.76,RU,05-31-20
hinton,53.4,-117.59,50.52,84,100,7.31,CA,05-31-20
havoysund,71.0,24.66,51.8,71,88,27.51,NO,05-31-20
new plymouth,-39.07,174.08,51.01,84,100,18.01,NZ,05-31-20
waddan,29.16,16.14,73.31,42,34,2.93,LY,05-31-20
baiyin,36.56,104.21,66.99,41,99,4.47,CN,05-31-20
taoudenni,22.68,-3.98,97.27,20,88,9.31,ML,05-31-20
meulaboh,4.14,96.13,77.56,84,100,5.21,ID,05-31-20
provideniya,64.38,-173.3,59.0,54,75,11.18,RU,05-31-20
hervey bay,-25.3,152.85,66.0,89,80,4.0,AU,05-31-20
norman wells,65.28,-126.83,50.0,53,75,9.17,CA,05-31-20
ancud,-41.87,-73.82,45.0,100,48,2.24,CL,05-31-20
leibnitz,46.78,15.54,52.0,72,100,3.0,AT,05-31-20
mazara del vallo,37.66,12.59,60.8,93,0,2.24,IT,05-31-20
cabo san lucas,22.89,-109.91,90.0,57,5,12.75,MX,05-31-20
titel,45.21,20.29,48.2,93,92,5.82,RS,05-31-20
bang saphan,11.21,99.51,77.0,100,20,2.24,TH,05-31-20
alofi,-19.06,-169.92,82.4,78,95,9.17,NU,05-31-20
pangkalanbuun,-2.68,111.62,77.07,93,100,2.3,ID,05-31-20
bikin,46.82,134.26,69.53,46,28,9.64,RU,05-31-20
rotifunk,8.23,-12.68,75.04,97,100,2.75,SL,05-31-20
charters towers,-20.1,146.27,69.46,71,1,3.71,AU,05-31-20
ahuas,15.48,-84.36,82.4,78,75,6.76,HN,05-31-20
riyadh,24.69,46.72,86.0,19,0,4.7,SA,05-31-20
sur,22.57,59.53,88.97,62,77,13.38,OM,05-31-20
lokosovo,61.13,74.82,44.42,72,28,7.47,RU,05-31-20
balkanabat,39.51,54.37,67.69,77,28,7.76,TM,05-31-20
constitucion,-35.33,-72.42,52.61,67,90,5.53,CL,05-31-20
chimbote,-9.09,-78.58,67.12,86,21,9.33,PE,05-31-20
vestmannaeyjar,63.44,-20.27,45.91,78,49,11.36,IS,05-31-20
mapastepec,15.43,-92.9,78.21,84,100,5.01,MX,05-31-20
monrovia,6.3,-10.8,77.0,94,75,8.72,LR,05-31-20
kodiak,57.79,-152.41,51.8,76,90,11.41,US,05-31-20
floyita,40.27,23.22,62.01,100,40,4.12,GR,05-31-20
namatanai,-3.67,152.43,84.15,72,43,4.65,PG,05-31-20
coquimbo,-29.95,-71.34,57.2,87,90,6.93,CL,05-31-20
flinders,-34.58,150.86,64.99,77,92,5.01,AU,05-31-20
gamboma,-1.88,15.86,75.36,87,100,0.76,CG,05-31-20
tara,56.89,74.37,46.74,80,39,7.52,RU,05-31-20
bowen,-20.02,148.23,75.0,83,0,3.36,AU,05-31-20
wanning,18.8,110.4,84.6,81,20,12.33,CN,05-31-20
fairbanks,64.84,-147.72,72.0,48,90,11.16,US,05-31-20
ponta do sol,32.67,-17.1,66.2,77,40,1.12,PT,05-31-20
lagos,6.58,3.75,78.3,86,19,3.38,NG,05-31-20
bar harbor,44.39,-68.2,55.4,35,1,16.11,US,05-31-20
phuket,8.0,98.25,78.8,94,20,2.24,TH,05-31-20
lasa,46.62,10.7,46.4,70,5,5.82,IT,05-31-20
manokwari,-0.87,134.08,83.84,68,100,0.63,ID,05-31-20
sydney,-33.87,151.21,66.99,48,83,19.46,AU,05-31-20
mayo,38.89,-76.51,72.0,37,75,8.05,US,05-31-20
olafsvik,64.89,-23.71,44.29,79,96,12.75,IS,05-31-20
nagato,34.38,131.2,71.01,83,75,14.99,JP,05-31-20
palmer,42.16,-72.33,60.8,56,20,10.29,US,05-31-20
baykit,61.67,96.37,49.95,84,98,1.63,RU,05-31-20
broken hill,-31.95,141.43,50.0,66,25,19.46,AU,05-31-20
noyabrsk,63.2,75.45,41.11,68,39,13.89,RU,05-31-20
lamu,-2.27,40.9,79.86,82,11,18.34,KE,05-31-20
novosergiyevka,52.09,53.65,56.28,80,14,8.75,RU,05-31-20
kiama,-34.68,150.87,64.99,54,92,5.99,AU,05-31-20
kafue,-15.77,28.18,60.8,67,0,8.05,ZM,05-31-20
dingzhou,38.51,115.0,68.0,52,32,2.24,CN,05-31-20
petropavlovsk-kamchatskiy,53.05,158.65,55.4,47,79,4.47,RU,05-31-20
mokhsogollokh,61.47,128.92,58.28,36,5,4.59,RU,05-31-20
tchollire,8.4,14.17,78.48,66,100,3.56,CM,05-31-20
pyaozerskiy,65.83,31.17,44.26,89,97,4.05,RU,05-31-20
cherskiy,68.75,161.3,53.17,46,96,7.65,RU,05-31-20
luganville,-15.53,167.17,84.2,79,75,2.24,VU,05-31-20
bitam,2.08,11.5,68.83,99,100,1.95,GA,05-31-20
thinadhoo,0.53,72.93,83.5,68,39,7.07,MV,05-31-20
kahului,20.89,-156.47,87.8,48,40,27.51,US,05-31-20
lagoa,39.05,-27.98,61.92,76,61,15.88,PT,05-31-20
san quintin,30.48,-115.95,68.76,67,5,16.53,MX,05-31-20
truth or consequences,33.13,-107.25,93.0,15,1,6.93,US,05-31-20
pacific grove,36.62,-121.92,62.6,72,1,6.93,US,05-31-20
forrest city,35.01,-90.79,82.4,41,1,9.17,US,05-31-20
luwuk,-0.95,122.79,83.05,71,76,5.1,ID,05-31-20
sri aman,1.24,111.46,77.0,94,99,2.24,MY,05-31-20
ambanja,-13.68,48.45,72.34,78,61,3.71,MG,05-31-20
poum,-20.23,164.02,75.78,82,53,12.35,NC,05-31-20
rujewa,-8.7,34.38,62.98,67,0,6.98,TZ,05-31-20
roald,62.58,6.13,55.99,87,14,3.36,NO,05-31-20
sitka,57.05,-135.33,48.2,87,90,17.22,US,05-31-20
obo,5.4,26.49,68.92,92,46,1.43,CF,05-31-20
ipora,-16.44,-51.12,61.9,69,67,4.52,BR,05-31-20
kaeo,-35.1,173.78,64.0,3,85,7.0,NZ,05-31-20
huarmey,-10.07,-78.15,67.48,84,8,12.12,PE,05-31-20
ozernovskiy,51.5,156.52,42.51,70,95,6.44,RU,05-31-20
geraldton,-28.77,114.6,53.6,87,74,12.24,AU,05-31-20
plouzane,48.38,-4.62,62.6,59,0,12.75,FR,05-31-20
hailey,43.52,-114.32,69.8,32,40,6.93,US,05-31-20
antofagasta,-23.65,-70.4,62.6,82,14,5.82,CL,05-31-20
college,64.86,-147.8,71.6,35,75,10.29,US,05-31-20
batemans bay,-35.72,150.18,60.01,64,60,1.01,AU,05-31-20
beringovskiy,63.05,179.32,42.31,66,50,14.65,RU,05-31-20
la asuncion,11.03,-63.86,80.6,83,84,14.99,VE,05-31-20
pacasmayo,-7.4,-79.57,69.3,81,22,14.97,PE,05-31-20
ouallam,14.32,2.09,95.76,30,36,10.8,NE,05-31-20
two rivers,44.15,-87.57,57.2,47,1,11.41,US,05-31-20
belaya gora,68.53,146.42,53.29,40,100,9.08,RU,05-31-20
olinda,-8.01,-34.86,78.8,83,20,3.36,BR,05-31-20
severnyy,50.68,36.55,51.8,93,98,2.24,RU,05-31-20
estreito,-5.78,-43.25,73.65,92,38,2.8,BR,05-31-20
senanga,-16.12,23.27,64.9,56,40,4.29,ZM,05-31-20
staraya kulatka,52.72,47.62,52.61,91,12,10.04,RU,05-31-20
port macquarie,-31.43,152.92,60.01,88,59,7.02,AU,05-31-20
la union,-5.4,-80.75,74.7,66,61,14.76,PE,05-31-20
alghero,40.56,8.32,59.0,93,0,2.24,IT,05-31-20
torbay,47.67,-52.73,62.6,88,75,23.04,CA,05-31-20
vardo,70.37,31.11,45.25,91,100,8.08,NO,05-31-20
owase,34.07,136.2,66.2,88,75,3.36,JP,05-31-20
isangel,-19.55,169.27,84.2,74,20,5.82,VU,05-31-20
cap malheureux,-19.98,57.61,70.0,84,0,5.01,MU,05-31-20
santa rosa,14.31,121.11,87.01,70,75,2.24,PH,05-31-20
aykhal,66.0,111.5,51.8,43,75,4.47,RU,05-31-20
samarai,-10.62,150.67,80.28,84,53,13.98,PG,05-31-20
izumo,35.37,132.77,71.6,78,75,8.05,JP,05-31-20
mpongwe,-13.51,28.16,57.04,87,15,5.82,ZM,05-31-20
kushima,31.46,131.23,69.8,88,75,2.24,JP,05-31-20
pegnitz,49.76,11.54,46.99,100,1,2.55,DE,05-31-20
aranda de duero,41.67,-3.69,59.22,85,100,4.54,ES,05-31-20
shenkursk,62.11,42.9,36.81,82,0,6.96,RU,05-31-20
hobyo,5.35,48.53,82.45,71,99,23.33,SO,05-31-20
kolyvan,55.31,82.74,51.8,93,40,2.24,RU,05-31-20
sao luiz gonzaga,-28.41,-54.96,48.6,87,97,6.26,BR,05-31-20
biak,-0.91,122.88,81.59,75,62,5.5,ID,05-31-20
yumen,40.28,97.2,63.3,29,26,10.18,CN,05-31-20
carutapera,-1.2,-46.02,75.52,93,100,4.03,BR,05-31-20
harper,4.38,-7.72,77.31,88,87,4.36,LR,05-31-20
kasane,-17.82,25.15,57.85,53,2,3.22,BW,05-31-20
wajima,37.4,136.9,64.4,82,100,2.24,JP,05-31-20
fort saint james,54.43,-124.25,64.58,28,82,11.81,CA,05-31-20
cayenne,4.93,-52.33,78.8,88,90,10.6,GF,05-31-20
camacha,33.08,-16.33,64.4,82,40,2.24,PT,05-31-20
kavaratti,10.57,72.64,83.52,77,100,17.34,IN,05-31-20
padang,-0.95,100.35,78.39,78,63,5.1,ID,05-31-20
sola,-13.88,167.55,81.81,83,8,16.71,VU,05-31-20
gubkinskiy,64.43,76.5,38.55,75,77,14.9,RU,05-31-20
jadu,31.95,12.03,68.45,52,25,7.02,LY,05-31-20
cassilandia,-19.11,-51.73,63.86,74,19,2.04,BR,05-31-20
sibu,2.3,111.82,77.0,94,75,3.36,MY,05-31-20
aitape,-3.14,142.35,84.43,67,75,3.53,PG,05-31-20
kloulklubed,7.04,134.26,84.2,74,75,8.05,PW,05-31-20
oktyabrskiy,54.48,53.47,54.82,91,0,10.42,RU,05-31-20
sacramento,38.47,-121.32,80.01,39,1,6.93,US,05-31-20
paragominas,-2.97,-47.48,74.07,97,98,2.01,BR,05-31-20
varkkallai,8.73,76.71,80.6,88,90,3.36,IN,05-31-20
zhigansk,66.77,123.37,46.45,73,100,9.93,RU,05-31-20
leh,34.17,77.58,43.88,62,100,3.89,IN,05-31-20
pandan,14.05,124.17,83.73,75,96,7.92,PH,05-31-20
lerwick,60.15,-1.15,51.8,93,0,9.17,GB,05-31-20
chalchihuites,23.48,-103.88,73.62,20,26,8.34,MX,05-31-20
liepaja,56.54,21.04,48.2,81,26,3.36,LV,05-31-20
tessalit,20.2,1.01,92.55,18,7,8.19,ML,05-31-20
mizdah,31.45,12.98,67.84,57,16,5.86,LY,05-31-20
dinguiraye,11.3,-10.72,73.62,86,100,3.11,GN,05-31-20
trairi,-3.28,-39.27,77.85,85,81,7.31,BR,05-31-20
gigmoto,13.78,124.39,83.84,73,100,6.04,PH,05-31-20
ahipara,-35.17,173.17,64.15,86,54,11.36,NZ,05-31-20
lastoursville,-0.81,12.73,73.04,94,96,2.04,GA,05-31-20
longyearbyen,78.22,15.64,35.6,93,75,14.99,SJ,05-31-20
ahuimanu,21.44,-157.84,91.4,43,90,11.41,US,05-31-20
batticaloa,7.71,81.69,81.75,80,100,2.28,LK,05-31-20
boke,10.94,-14.3,75.25,93,97,6.91,GN,05-31-20
faanui,-16.48,-151.75,80.82,79,19,14.14,PF,05-31-20
ewa beach,21.32,-158.01,86.0,48,20,11.41,US,05-31-20
vostok,46.49,135.88,69.75,49,10,4.07,RU,05-31-20
raton,36.9,-104.44,71.6,40,90,11.41,US,05-31-20
yabassi,4.46,9.97,82.4,88,75,1.12,CM,05-31-20
sorumsand,59.99,11.24,55.4,62,6,4.7,NO,05-31-20
tautira,-17.73,-149.15,86.0,66,20,9.17,PF,05-31-20
redmond,47.67,-122.12,61.0,85,91,4.41,US,05-31-20
sistranda,63.73,8.83,53.6,81,11,1.12,NO,05-31-20
kapuskasing,49.42,-82.43,55.4,40,75,4.7,CA,05-31-20
saquena,-4.67,-73.52,75.18,95,99,1.95,PE,05-31-20
ribeira grande,38.52,-28.7,62.1,78,67,19.24,PT,05-31-20
vila,42.03,-8.16,61.0,87,100,7.0,PT,05-31-20
gambela,8.25,34.58,73.06,68,75,3.69,ET,05-31-20
santos reyes nopala,16.11,-97.16,86.0,74,75,17.22,MX,05-31-20
vao,-22.67,167.48,72.0,74,47,12.68,NC,05-31-20
solnechnyy,50.72,136.63,58.91,79,99,4.43,RU,05-31-20
aklavik,68.22,-135.01,55.4,37,5,13.87,CA,05-31-20
muyezerskiy,63.93,31.65,42.1,74,87,3.11,RU,05-31-20
esso,55.93,158.7,40.12,81,94,2.53,RU,05-31-20
manta,-0.95,-80.73,78.8,78,40,6.93,EC,05-31-20
mattru,7.62,-11.83,74.37,98,99,1.14,SL,05-31-20
aden,12.78,45.04,91.76,64,88,9.91,YE,05-31-20
lengshuijiang,27.69,111.43,73.62,79,41,1.79,CN,05-31-20
faya,18.39,42.45,71.6,64,34,2.19,SA,05-31-20
cartagena,10.4,-75.51,84.2,79,40,11.41,CO,05-31-20
victoria,22.29,114.16,87.01,74,100,5.99,HK,05-31-20
yenagoa,4.92,6.26,76.23,96,76,3.8,NG,05-31-20
ostrovnoy,68.05,39.51,36.1,92,20,5.91,RU,05-31-20
boffa,10.17,-14.03,78.08,88,99,1.25,GN,05-31-20
viedma,-40.81,-63.0,46.9,73,56,4.41,AR,05-31-20
celestun,20.87,-90.4,75.65,91,100,13.24,MX,05-31-20
jiexiu,37.02,111.91,72.01,25,32,2.86,CN,05-31-20
yamada,39.47,141.95,70.2,58,58,9.55,JP,05-31-20
ambon,-3.7,128.18,82.62,80,46,12.15,ID,05-31-20
maarianhamina,60.1,19.93,48.2,76,1,6.93,AX,05-31-20
riberalta,-10.98,-66.1,74.21,94,77,1.28,BO,05-31-20
dubrovka,53.69,33.51,44.8,92,100,13.69,RU,05-31-20
dingle,11.0,122.67,85.26,71,84,7.25,PH,05-31-20
sept-iles,50.2,-66.38,50.0,66,75,11.41,CA,05-31-20
quesnel,53.0,-122.5,66.2,29,20,11.41,CA,05-31-20
basoko,1.24,23.62,72.0,93,100,4.14,CD,05-31-20
jinka,5.65,36.65,66.49,70,54,3.89,ET,05-31-20
taltal,-25.4,-70.48,59.4,80,1,1.39,CL,05-31-20
andenes,69.31,16.12,50.0,81,22,3.36,NO,05-31-20
cocobeach,1.0,9.58,78.22,86,100,6.11,GA,05-31-20
kirovskiy,45.09,133.51,69.49,52,37,9.19,RU,05-31-20
tezu,27.92,96.17,72.3,80,97,2.3,IN,05-31-20
nhulunbuy,-12.23,136.77,80.6,74,72,8.05,AU,05-31-20
diffa,13.32,12.61,88.0,31,16,5.21,NE,05-31-20
port blair,11.67,92.75,82.72,81,57,7.38,IN,05-31-20
erzin,36.96,36.2,66.99,82,77,3.11,TR,05-31-20
iquitos,-3.75,-73.25,78.8,88,40,3.36,PE,05-31-20
kabinda,-6.13,24.48,74.01,56,89,4.45,CD,05-31-20
bukachacha,52.98,116.92,53.64,49,6,4.9,RU,05-31-20
rajgir,25.03,85.42,85.46,61,0,7.54,IN,05-31-20
north bend,43.41,-124.22,61.0,63,75,23.04,US,05-31-20
erenhot,43.65,111.98,65.77,25,97,9.53,CN,05-31-20
anito,12.45,125.29,84.43,72,99,8.99,PH,05-31-20
zubova polyana,54.08,42.84,53.15,96,98,3.76,RU,05-31-20
the pas,53.83,-101.25,73.4,28,20,21.92,CA,05-31-20
kayes,14.0,-11.0,82.26,63,100,13.56,ML,05-31-20
chicama,-7.84,-79.15,69.39,78,39,7.92,PE,05-31-20
alyangula,-13.85,136.42,77.0,88,24,3.36,AU,05-31-20
matagami,49.75,-77.63,41.0,86,90,5.82,CA,05-31-20
hope,33.67,-93.59,84.99,35,70,1.99,US,05-31-20
menongue,-14.66,17.69,56.12,63,0,5.21,AO,05-31-20
roma,43.21,-75.46,55.4,43,1,12.75,US,05-31-20
asfi,32.3,-9.24,67.03,85,9,13.13,MA,05-31-20
warrnambool,-38.38,142.48,48.0,91,100,29.19,AU,05-31-20
dharchula,29.85,80.53,61.79,62,99,5.28,IN,05-31-20
jutai,-5.18,-68.9,75.45,93,56,0.6,BR,05-31-20
lichinga,-13.31,35.24,55.33,85,67,9.93,MZ,05-31-20
marzuq,14.4,46.47,80.82,41,100,3.42,YE,05-31-20
sorland,67.67,12.69,51.87,66,6,6.89,NO,05-31-20
christchurch,-43.53,172.63,55.0,87,90,12.75,NZ,05-31-20
camopi,3.17,-52.32,73.98,97,99,2.62,GF,05-31-20
manyana,-23.4,21.72,54.7,38,0,5.32,BW,05-31-20
ilabaya,-17.42,-70.51,59.47,71,28,1.79,PE,05-31-20
bilma,18.69,12.92,89.51,14,0,9.04,NE,05-31-20
yar-sale,66.83,70.83,35.4,91,78,11.45,RU,05-31-20
mercedes,-34.65,-59.43,53.01,68,23,1.99,AR,05-31-20
farah,32.5,62.5,69.42,20,0,5.37,AF,05-31-20
salalah,17.02,54.09,80.6,94,90,3.36,OM,05-31-20
ariquemes,-9.91,-63.04,74.57,96,74,1.74,BR,05-31-20
salinas,36.68,-121.66,64.4,63,1,13.87,US,05-31-20
ishigaki,24.34,124.16,80.6,100,75,2.24,JP,05-31-20
constantine,36.37,6.61,66.2,52,40,6.93,DZ,05-31-20
yankton,42.87,-97.4,78.8,54,1,23.04,US,05-31-20
ferme-neuve,46.7,-75.45,47.59,54,97,4.21,CA,05-31-20
boa vista,2.82,-60.67,82.4,74,40,5.82,BR,05-31-20
suruc,36.98,38.42,64.4,48,13,3.36,TR,05-31-20
te anau,-45.42,167.72,49.96,58,0,2.17,NZ,05-31-20
lapua,62.97,23.01,48.99,87,2,2.24,FI,05-31-20
comodoro rivadavia,-45.87,-67.5,44.6,87,0,5.3,AR,05-31-20
pangnirtung,66.15,-65.71,26.15,93,94,0.09,CA,05-31-20
petrolina de goias,-16.09,-49.34,68.0,59,37,4.7,BR,05-31-20
santo antonio do sudoeste,-26.07,-53.73,61.23,96,79,1.63,BR,05-31-20
ballarat,-37.57,143.85,48.0,83,100,4.0,AU,05-31-20
okahandja,-21.98,16.92,55.4,26,0,4.7,NA,05-31-20
port lincoln,-34.73,135.87,54.54,63,58,14.2,AU,05-31-20
nan,18.83,100.67,77.0,100,40,4.7,TH,05-31-20
kushiro,42.98,144.37,59.0,77,20,4.7,JP,05-31-20
huddersfield,53.65,-1.78,55.99,70,0,1.99,GB,05-31-20
jermuk,39.84,45.67,47.61,52,0,3.4,AM,05-31-20
guiratinga,-16.35,-53.76,67.78,67,16,3.71,BR,05-31-20
mackay,-21.15,149.2,73.0,88,0,4.7,AU,05-31-20
ibanda,-2.8,32.47,61.72,65,12,3.2,TZ,05-31-20
bago,17.34,96.48,78.8,94,40,2.24,MM,05-31-20
tabory,58.52,64.55,47.12,69,100,7.38,RU,05-31-20
loubomo,-4.2,12.67,72.59,96,100,2.64,CG,05-31-20
russell,32.35,-85.2,87.8,38,1,6.93,US,05-31-20
kropachevo,55.01,57.99,55.45,94,59,16.42,RU,05-31-20
tabas,33.6,56.92,87.8,14,40,6.93,IR,05-31-20
skjervoy,70.03,20.97,47.41,82,92,2.68,NO,05-31-20
sibolga,1.74,98.78,77.76,72,89,3.47,ID,05-31-20
anamur,36.08,32.84,65.66,49,1,11.83,TR,05-31-20
dukat,62.55,155.55,36.91,85,59,5.39,RU,05-31-20
jeremie,18.65,-74.12,80.58,71,50,2.59,HT,05-31-20
arkadelphia,34.12,-93.05,80.6,44,1,4.7,US,05-31-20
kalmunai,7.42,81.82,80.65,82,100,5.93,LK,05-31-20
esna,25.29,32.55,76.82,18,0,13.8,EG,05-31-20
jackson,42.42,-122.83,73.0,46,40,5.82,US,05-31-20
mezen,65.85,44.24,38.3,77,96,5.39,RU,05-31-20
korla,41.76,86.15,73.83,24,11,4.32,CN,05-31-20
asau,46.43,26.4,53.6,87,90,4.7,RO,05-31-20
egvekinot,66.32,-179.17,47.37,54,53,8.21,RU,05-31-20
bama,11.52,13.69,86.2,49,70,10.94,NG,05-31-20
abu dhabi,24.47,54.37,93.2,46,0,6.93,AE,05-31-20
beidao,34.57,105.89,65.12,67,39,3.09,CN,05-31-20
honiara,-9.43,159.95,87.8,70,20,3.36,SB,05-31-20
middleton,53.55,-2.2,59.0,65,1,1.01,GB,05-31-20
tukrah,32.53,20.58,66.9,73,49,4.18,LY,05-31-20
marystown,47.17,-55.15,50.99,94,99,13.87,CA,05-31-20
biltine,14.53,20.92,84.7,14,2,8.81,TD,05-31-20
sudak,44.85,34.97,59.56,74,86,7.81,UA,05-31-20
dibulla,11.27,-73.31,77.52,86,100,5.64,CO,05-31-20
barcelona,41.39,2.16,71.01,64,20,3.36,ES,05-31-20
puri,19.8,85.85,83.39,89,88,13.82,IN,05-31-20
grenada,37.19,-3.61,59.0,93,20,0.76,ES,05-31-20
coihaique,-45.58,-72.07,37.4,93,95,4.7,CL,05-31-20
shihezi,44.3,86.03,74.23,27,0,3.2,CN,05-31-20
kamenka,51.32,42.77,51.01,90,44,4.0,RU,05-31-20
broome,42.25,-75.83,54.0,43,20,10.29,US,05-31-20
pangody,65.85,74.49,36.01,81,3,13.69,RU,05-31-20
suntar,62.14,117.63,58.17,39,10,5.79,RU,05-31-20
atar,20.52,-13.05,84.69,20,82,3.65,MR,05-31-20
bone,51.97,12.14,54.0,67,0,7.36,DE,05-31-20
gizo,-8.1,156.84,84.78,71,66,6.49,SB,05-31-20
maniitsoq,65.42,-52.9,36.39,95,100,3.76,GL,05-31-20
coahuayana,18.73,-103.68,82.4,58,20,17.22,MX,05-31-20
kibondo,-3.59,30.72,58.57,83,94,2.51,TZ,05-31-20
abu zabad,12.35,29.25,84.78,16,2,6.85,SD,05-31-20
arlit,18.74,7.39,92.37,14,39,5.23,NE,05-31-20
mazatlan,23.22,-106.42,79.0,69,20,12.75,MX,05-31-20
rabaul,-4.2,152.17,83.28,72,8,1.05,PG,05-31-20
galesong,-5.32,119.37,75.2,94,20,2.24,ID,05-31-20
codrington,-38.27,141.97,48.15,73,100,26.75,AU,05-31-20
zhangye,38.93,100.45,64.62,27,47,5.26,CN,05-31-20
kawalu,-7.38,108.21,75.04,90,65,1.19,ID,05-31-20
hambantota,6.12,81.12,80.71,84,100,13.04,LK,05-31-20
amapa,1.0,-52.0,73.74,97,94,2.04,BR,05-31-20
santa cruz,-17.8,-63.17,73.4,73,75,4.7,BO,05-31-20
ketchikan,55.34,-131.65,51.8,87,90,14.99,US,05-31-20
bosaso,11.28,49.18,91.6,54,92,8.14,SO,05-31-20
bartica,6.4,-58.62,78.8,88,20,4.7,GY,05-31-20
caledon east,43.87,-79.87,57.99,41,75,2.24,CA,05-31-20
severo-yeniseyskiy,60.37,93.04,41.86,95,100,9.62,RU,05-31-20
maldonado,-34.67,-54.92,55.4,76,90,25.28,UY,05-31-20
valea argovei,44.35,26.78,57.99,48,59,4.0,RO,05-31-20
pokrovo-prigorodnoye,52.68,41.42,50.29,94,40,7.47,RU,05-31-20
bani,18.28,-70.33,84.0,79,2,1.99,DO,05-31-20
les cayes,18.2,-73.75,78.46,81,58,4.47,HT,05-31-20
conceicao do araguaia,-8.26,-49.26,74.73,78,19,1.7,BR,05-31-20
san policarpo,12.18,125.51,83.82,75,100,9.95,PH,05-31-20
juazeiro,-9.41,-40.5,76.15,68,50,13.44,BR,05-31-20
gewane,10.17,40.65,88.25,26,71,4.29,ET,05-31-20
hurricane,37.18,-113.29,93.2,9,1,13.87,US,05-31-20
grindavik,63.84,-22.43,42.8,87,75,11.41,IS,05-31-20
kismayo,-0.36,42.55,79.9,83,19,15.41,SO,05-31-20
pilar,-9.6,-35.96,77.0,94,75,3.36,BR,05-31-20
